player,Age,GP,GS,W,L,T/O,GA,SA,SV,SV%,GAA,SO,GPS,MIN,QS,QS%,RBS,GA%-,GSAA,HEIGHT,HANDED,DRAFTED,GA60,xGA60,GSAx60,SIGNING AGE,LENGTH,SIGNING,CAP HIT,CAP_HIT_%
Jake Allen,29,24,21,12,6,3,48,655,607,0.927,2.15,2,4.9,1339,14,0.667,2,81.0,11.23,188,0,34,2.15,2.49,0.34,25,4,0,4350000,0.0533742331288343
Frederik Andersen,30,52,52,29,13,7,143,1577,1434,0.909,2.85,3,8.9,3007,27,0.519,8,100.0,-0.4,193,0,87,2.85,2.65,-0.21,26,5,0,5000000,0.0613496932515337
Jonathan Bernier,31,46,41,15,22,3,126,1353,1227,0.907,2.95,1,7.2,2566,17,0.415,5,103.0,-3.66,183,0,11,2.95,2.95,-0.01,29,3,1,3000000,0.0368098159509202
Jordan Binnington,26,50,50,30,13,7,126,1430,1304,0.912,2.56,3,8.4,2948,28,0.56,5,97.0,3.3,185,0,88,2.57,2.63,0.07,25,2,0,4400000,0.0539877300613496
Ben Bishop,33,44,43,21,16,4,103,1286,1183,0.92,2.5,2,8.7,2474,27,0.628,5,89.0,13.28,201,0,85,2.5,2.61,0.11,30,6,1,4916667,0.0603272024539877
Sergei Bobrovsky,31,50,48,23,19,6,151,1505,1354,0.9,3.23,1,6.9,2806,20,0.417,10,111.0,-14.91,188,0,300,3.23,2.93,-0.3,30,7,1,10000000,0.1226993865030674
Laurent Brossoit,26,19,15,6,7,1,54,512,458,0.895,3.28,0,2.1,988,7,0.467,1,117.0,-7.7,191,0,164,3.28,3.06,-0.22,26,1,0,1225000,0.0150306748466257
Jack Campbell,28,26,26,11,12,3,73,761,688,0.904,2.8,0,3.8,1567,11,0.423,4,106.0,-4.19,188,0,11,2.8,2.53,-0.26,26,2,0,675000,0.008282208588957
Corey Crawford,35,40,39,16,20,3,108,1294,1186,0.917,2.77,1,8.3,2340,25,0.641,3,92.0,9.01,188,0,52,2.77,2.94,0.18,29,6,1,6000000,0.0736196319018405
Aaron Dell,30,33,30,12,15,3,92,986,894,0.907,3.01,0,5.3,1834,15,0.5,5,103.0,-2.84,183,0,300,2.98,2.99,0.02,29,2,1,1900000,0.0233128834355828
Thatcher Demko,24,27,25,13,10,2,78,822,744,0.905,3.06,0,4.2,1529,15,0.6,5,105.0,-3.67,193,0,36,3.06,2.96,-0.1,23,2,0,1050000,0.012883435582822
Louis Domingue,27,17,15,3,9,2,51,433,382,0.882,3.81,0,1.2,803,4,0.267,5,130.0,-11.85,191,1,138,3.81,2.84,-0.97,26,2,0,1150000,0.0141104294478527
Devan Dubnyk,33,30,28,12,15,2,93,849,756,0.89,3.35,1,3.1,1665,9,0.321,5,121.0,-16.23,198,0,14,3.35,2.37,-0.99,29,6,1,4333333,0.0531697300613496
Brian Elliott,34,31,27,16,7,4,80,796,716,0.899,2.87,2,3.6,1674,14,0.519,8,111.0,-8.02,188,0,291,2.87,2.65,-0.22,34,1,1,2000000,0.0245398773006134
Marc-André Fleury,35,49,48,27,16,5,133,1399,1266,0.905,2.77,5,7.2,2880,24,0.5,9,105.0,-6.5,188,0,1,2.77,2.5,-0.27,34,3,1,7000000,0.0858895705521472
Pavel Francouz,29,34,30,21,7,4,77,996,919,0.923,2.41,1,7.0,1914,17,0.567,5,85.0,13.06,183,1,300,2.42,2.52,0.11,29,1,1,950000,0.0116564417177914
John Gibson,26,51,51,20,26,5,149,1552,1403,0.904,3.0,1,7.8,2981,22,0.431,10,106.0,-8.66,188,0,39,3.0,2.79,-0.21,25,8,0,6400000,0.0785276073619632
Thomas Greiss,34,31,28,16,9,4,73,838,765,0.913,2.74,0,5.0,1596,15,0.536,5,96.0,2.77,188,0,94,2.75,2.64,-0.1,31,3,1,3333333,0.0408997914110429
Philipp Grubauer,28,36,36,18,12,4,90,1067,977,0.916,2.63,2,6.7,2057,17,0.472,4,93.0,6.48,185,0,112,2.63,2.59,-0.04,26,3,0,3333333,0.0408997914110429
Jaroslav Halák,34,31,29,18,6,6,73,905,832,0.919,2.39,3,6.1,1833,18,0.621,3,89.0,8.83,180,0,271,2.39,2.49,0.1,33,2,1,2750000,0.0337423312883435
Connor Hellebuyck,26,58,56,31,21,5,140,1796,1656,0.922,2.57,6,12.5,3269,36,0.643,6,86.0,22.4,193,0,130,2.57,2.95,0.38,25,6,0,6166666,0.0756646134969325
Braden Holtby,30,48,47,25,14,6,142,1385,1243,0.897,3.11,0,6.0,2743,22,0.468,11,113.0,-16.76,188,0,93,3.11,2.82,-0.29,25,5,0,6100000,0.0748466257668711
Michael Hutchinson,29,16,12,5,9,1,49,439,390,0.888,3.47,1,1.5,847,4,0.333,0,123.0,-9.3,191,1,77,3.47,2.96,-0.51,29,1,1,700000,0.0085889570552147
Carter Hutton,34,31,30,12,14,4,94,918,824,0.898,3.18,2,4.0,1775,14,0.467,7,113.0,-10.99,183,0,300,3.18,2.72,-0.46,32,3,1,2750000,0.0337423312883435
Tristan Jarry,24,33,31,20,12,1,78,985,907,0.921,2.43,3,6.7,1926,19,0.613,3,88.0,11.07,188,0,44,2.43,2.47,0.03,23,2,0,675000,0.008282208588957
Martin Jones,30,41,39,17,21,2,118,1139,1021,0.896,3.0,2,4.8,2360,15,0.385,11,115.0,-15.01,193,0,300,3.0,2.79,-0.21,28,6,1,5750000,0.0705521472392638
Anton Khudobin,33,30,26,16,8,4,62,882,820,0.93,2.22,0,6.9,1677,19,0.731,2,78.0,17.75,180,0,206,2.22,2.43,0.21,32,2,1,2500000,0.0306748466257668
Joonas Korpisalo,25,37,35,19,12,5,92,1030,938,0.911,2.6,2,5.9,2126,21,0.6,5,99.0,1.14,191,0,62,2.6,2.34,-0.26,25,1,0,1150000,0.0141104294478527
Mikko Koskinen,31,38,33,18,13,3,97,1175,1078,0.917,2.75,1,7.6,2117,17,0.515,5,91.0,9.25,201,0,31,2.75,2.93,0.18,30,3,1,4500000,0.0552147239263803
Darcy Kuemper,29,29,29,16,11,2,65,903,838,0.928,2.22,2,6.9,1753,22,0.759,2,80.0,16.65,196,0,161,2.22,2.53,0.31,28,2,1,1850000,0.0226993865030674
Robin Lehner,28,36,34,19,10,5,99,1235,1136,0.92,2.89,1,8.3,2055,19,0.559,4,89.0,12.67,193,0,46,2.89,3.01,0.12,27,1,1,5000000,0.0613496932515337
Henrik Lundqvist,37,30,26,10,12,3,84,883,799,0.905,3.16,1,4.5,1597,13,0.5,4,105.0,-4.16,185,0,205,3.16,3.29,0.13,32,7,1,8500000,0.1042944785276073
Jacob Markström,30,43,43,23,16,4,117,1420,1303,0.918,2.75,2,9.2,2552,25,0.581,5,91.0,11.4,198,0,31,2.75,2.82,0.07,27,3,1,3666667,0.0449897791411042
Petr Mrázek,27,40,38,21,16,2,104,1091,987,0.905,2.69,3,5.6,2321,19,0.5,7,105.0,-5.35,185,0,141,2.69,2.76,0.07,27,2,1,3125000,0.0383435582822085
Matt Murray,25,38,38,20,11,5,107,1055,948,0.899,2.87,1,4.7,2238,16,0.421,8,112.0,-11.6,193,0,83,2.87,2.46,-0.4,22,3,0,3750000,0.0460122699386503
Anders Nilsson,29,20,19,9,9,2,58,628,570,0.908,3.18,0,3.4,1093,11,0.579,5,102.0,-1.21,198,0,62,3.18,2.79,-0.39,29,2,1,2600000,0.0319018404907975
Carey Price,32,58,58,27,25,6,160,1755,1595,0.909,2.79,4,9.8,3440,31,0.534,11,101.0,-1.31,191,0,5,2.79,2.61,-0.18,29,8,1,10500000,0.1288343558282208
Jonathan Quick,34,42,42,16,22,4,117,1224,1107,0.904,2.79,1,6.2,2516,21,0.5,5,106.0,-6.32,185,0,72,2.79,2.6,-0.19,27,10,1,5800000,0.0711656441717791
Antti Raanta,30,33,32,15,14,3,80,1014,934,0.921,2.63,2,7.0,1823,19,0.594,3,87.0,11.69,183,0,300,2.63,2.82,0.19,29,3,1,4250000,0.0521472392638036
Tuukka Rask,32,41,41,26,8,6,85,1189,1104,0.929,2.12,5,9.1,2402,28,0.683,3,79.0,22.51,191,0,21,2.12,2.32,0.19,26,8,0,7000000,0.0858895705521472
James Reimer,31,25,24,14,6,2,61,712,651,0.914,2.66,3,4.4,1378,15,0.625,6,95.0,3.38,188,0,99,2.66,2.98,0.33,28,5,1,3400000,0.0417177914110429
David Rittich,27,48,48,24,17,6,138,1478,1340,0.907,2.97,2,7.9,2792,24,0.5,7,103.0,-4.36,191,0,300,2.97,2.76,-0.21,26,2,0,2750000,0.0337423312883435
Juuse Saros,24,40,34,17,12,4,98,1142,1044,0.914,2.7,4,7.0,2177,21,0.618,3,95.0,5.26,180,0,99,2.7,2.74,0.04,23,3,0,1500000,0.0184049079754601
Cory Schneider,33,13,11,3,6,2,40,355,315,0.887,3.53,1,1.2,679,3,0.273,3,125.0,-7.9,191,0,26,3.53,2.86,-0.67,29,7,1,6000000,0.0736196319018405
Alex Stalock,32,38,36,20,11,4,97,1082,985,0.91,2.67,4,6.2,2177,19,0.528,5,99.0,0.84,183,0,112,2.67,2.23,-0.44,31,3,1,785000,0.0096319018404907
Malcolm Subban,26,21,19,9,7,3,60,546,486,0.89,3.17,0,1.9,1134,7,0.368,7,122.0,-10.63,188,0,24,3.17,2.86,-0.31,25,1,0,850000,0.0104294478527607
Cam Talbot,32,26,22,12,10,1,63,780,717,0.919,2.63,2,5.2,1435,11,0.5,2,89.0,7.53,193,0,300,2.63,2.65,0.01,31,1,1,2750000,0.0337423312883435
Linus Ullmark,26,34,34,17,14,3,91,1066,975,0.915,2.69,1,6.6,2027,19,0.559,2,94.0,5.39,193,0,163,2.69,2.53,-0.16,25,1,0,1325000,0.0162576687116564
Semyon Varlamov,31,45,39,19,14,6,110,1278,1168,0.914,2.62,2,7.8,2517,21,0.538,4,95.0,5.56,188,0,23,2.62,2.66,0.04,31,4,1,5000000,0.0613496932515337
Andrei Vasilevskiy,25,52,52,35,14,3,133,1605,1472,0.917,2.56,3,10.4,3122,31,0.596,7,92.0,12.13,191,0,19,2.56,2.41,-0.14,21,3,0,3500000,0.0429447852760736
